Cluster,Substantia Nigra Left,Substantia Nigra Right
0,0.3323467225660774,-0.09191453150524041
1,-1.1617615241885024,-1.0595439211873008
2,0.5735400912188632,1.4346611356128243
